<ImportExportXml version="6.1.0000.0517" SolutionPackageVersion="6.0" languagecode="1033" generatedBy="OnPremise" xmlns:xsi="http://www.w3.org/2001/XMLSchema-instance">
  <SolutionManifest>
    <UniqueName>MetadataBrowser</UniqueName>
    <LocalizedNames>
      <LocalizedName description="Metadata Browser" languagecode="1033" />
    </LocalizedNames>
    <Descriptions>
      <Description description="This is the metadata browser included in the Microsoft Dynamics CRM 2013 SDK.&#xA;For more information see : http://msdn.microsoft.com/en-us/library/hh547411(v=crm.6).aspx&#xA;v2.0.0.1:&#xA; - Added the HasChanged property to all metadata items. This value is always null unless retrieved using the RetrieveMetadataChangesRequest message.&#xA; - Added the RelationshipType property for metadata items that derive from RelationshipMetadataBase.&#xA;v2.0.0.2:&#xA; - Applied changes for Microsoft Dynamics CRM 2013&#xA; - Replaced SDK.Metadata.js with SDK.Metadata.Query.js&#xA;v2.0.0.3:&#xA; - Updated SDK.Metadata.Query.min.js so it includes SdkClientVersion in the SOAP header and can retrieve Image Attributes&#xA; - Updated One2NRelationshipList.min.js so that the expected relationship is opened when the Edit Relationship button is clicked.&#xA;v2.0.0.4:&#xA;- Updates to Microsoft Dynamics CRM 2013 Service Pack 1 &amp; CRM Online Spring '14 release&#xA; -Updated SDK.Metadata.Query.js to be aware of the EntityMetadata.EnforceStateTransitions Boolean attribute&#xA; -Updated metadatabrowser.js to include EnforceStateTransitions in the entity properties returned&#xA; -Update EntityPropertiesList.js to allow filtering on EnforceStateTransitions &#xA; -Update AttributePropertiesList.js to show the StatusOptionMetadata TransitionData property&#xA;v2.0.0.5:&#xA; - Updated to include EntityMetadata.IsStateModelAware" languagecode="1033" />
    </Descriptions>
    <Version>2.0.0.5</Version>
    <Managed>1</Managed>
    <ConfigurationPage>sample_/metadatabrowser/MetadataBrowserConfig.htm</ConfigurationPage>
    <Publisher>
      <UniqueName>microsoftdynamicscrmsdksamples</UniqueName>
      <LocalizedNames>
        <LocalizedName description="Microsoft Dynamics CRM SDK Samples" languagecode="1033" />
      </LocalizedNames>
      <Descriptions>
        <Description description="This publisher is used by samples created for the Microsoft Dynamics CRM Software Development Kit (SDK) documentation." languagecode="1033" />
      </Descriptions>
      <EMailAddress>mscrmdf@microsoft.com</EMailAddress>
      <SupportingWebsiteUrl>http://msdn.microsoft.com/en-us/dynamics/crm/default</SupportingWebsiteUrl>
      <CustomizationPrefix>sample</CustomizationPrefix>
      <CustomizationOptionValuePrefix>72700</CustomizationOptionValuePrefix>
      <Addresses>
        <Address>
          <AddressNumber>1</AddressNumber>
          <AddressTypeCode>1</AddressTypeCode>
          <City xsi:nil="true"></City>
          <County xsi:nil="true"></County>
          <Country xsi:nil="true"></Country>
          <Fax xsi:nil="true"></Fax>
          <FreightTermsCode xsi:nil="true"></FreightTermsCode>
          <ImportSequenceNumber xsi:nil="true"></ImportSequenceNumber>
          <Latitude xsi:nil="true"></Latitude>
          <Line1 xsi:nil="true"></Line1>
          <Line2 xsi:nil="true"></Line2>
          <Line3 xsi:nil="true"></Line3>
          <Longitude xsi:nil="true"></Longitude>
          <Name xsi:nil="true"></Name>
          <PostalCode xsi:nil="true"></PostalCode>
          <PostOfficeBox xsi:nil="true"></PostOfficeBox>
          <PrimaryContactName xsi:nil="true"></PrimaryContactName>
          <ShippingMethodCode>1</ShippingMethodCode>
          <StateOrProvince xsi:nil="true"></StateOrProvince>
          <Telephone1 xsi:nil="true"></Telephone1>
          <Telephone2 xsi:nil="true"></Telephone2>
          <Telephone3 xsi:nil="true"></Telephone3>
          <TimeZoneRuleVersionNumber xsi:nil="true"></TimeZoneRuleVersionNumber>
          <UPSZone xsi:nil="true"></UPSZone>
          <UTCOffset xsi:nil="true"></UTCOffset>
          <UTCConversionTimeZoneCode xsi:nil="true"></UTCConversionTimeZoneCode>
        </Address>
        <Address>
          <AddressNumber>2</AddressNumber>
          <AddressTypeCode>1</AddressTypeCode>
          <City xsi:nil="true"></City>
          <County xsi:nil="true"></County>
          <Country xsi:nil="true"></Country>
          <Fax xsi:nil="true"></Fax>
          <FreightTermsCode xsi:nil="true"></FreightTermsCode>
          <ImportSequenceNumber xsi:nil="true"></ImportSequenceNumber>
          <Latitude xsi:nil="true"></Latitude>
          <Line1 xsi:nil="true"></Line1>
          <Line2 xsi:nil="true"></Line2>
          <Line3 xsi:nil="true"></Line3>
          <Longitude xsi:nil="true"></Longitude>
          <Name xsi:nil="true"></Name>
          <PostalCode xsi:nil="true"></PostalCode>
          <PostOfficeBox xsi:nil="true"></PostOfficeBox>
          <PrimaryContactName xsi:nil="true"></PrimaryContactName>
          <ShippingMethodCode>1</ShippingMethodCode>
          <StateOrProvince xsi:nil="true"></StateOrProvince>
          <Telephone1 xsi:nil="true"></Telephone1>
          <Telephone2 xsi:nil="true"></Telephone2>
          <Telephone3 xsi:nil="true"></Telephone3>
          <TimeZoneRuleVersionNumber xsi:nil="true"></TimeZoneRuleVersionNumber>
          <UPSZone xsi:nil="true"></UPSZone>
          <UTCOffset xsi:nil="true"></UTCOffset>
          <UTCConversionTimeZoneCode xsi:nil="true"></UTCConversionTimeZoneCode>
        </Address>
      </Addresses>
    </Publisher>
    <RootComponents>
      <RootComponent type="61" schemaName="sample_/metadatabrowser/entitymetadatabrowser.htm" />
      <RootComponent type="61" schemaName="sample_/metadatabrowser/metadatabrowser.htm" />
      <RootComponent type="61" schemaName="sample_/metadatabrowser/MetadataBrowserConfig.htm" />
    </RootComponents>
    <MissingDependencies />
  </SolutionManifest>
</ImportExportXml>